{"_type":"export","__export_format":4,"__export_date":"2024-03-13T15:44:36.301Z","__export_source":"insomnia.desktop.app:v8.6.1","resources":[{"_id":"req_d47368d0981e415fbbd67dd5931036f3","parentId":"wrk_0d1f41389b3548f29f33dd4f13aeef2c","modified":1710344382778,"created":1710343654013,"url":"http://127.0.0.1:8000/api/orders/","name":"New Request","description":"","method":"GET","body":{"mimeType":"application/x-www-form-urlencoded","params":[{"id":"pair_6c6be3bfb5714b37882f89f64eab1219","name":"date","value":"2023-03-12","description":""}]},"parameters":[],"headers":[{"name":"Content-Type","value":"application/x-www-form-urlencoded"},{"name":"User-Agent","value":"insomnia/8.6.1"}],"authentication":{"type":"bearer","token":"3721b1483ab7d5d7d460dfac4570045d69a2fa97","prefix":"Token"},"metaSortKey":-1710343654013,"isPrivate":false,"pathParameters":[],"settingStoreCookies":true,"settingSendCookies":true,"settingDisableRenderRequestBody":false,"settingEncodeUrl":true,"settingRebuildPath":true,"settingFollowRedirects":"global","_type":"request"},{"_id":"wrk_0d1f41389b3548f29f33dd4f13aeef2c","parentId":null,"modified":1701850720318,"created":1701708761232,"name":"restful-apis","description":"","scope":"collection","_type":"workspace"},{"_id":"req_24a26766b29e4d83bb5c28d3d2501239","parentId":"wrk_0d1f41389b3548f29f33dd4f13aeef2c","modified":1710343645568,"created":1710341044302,"url":"http://127.0.0.1:8000/auth/token/login","name":"Generate token","description":"","method":"POST","body":{"mimeType":"application/x-www-form-urlencoded","params":[{"id":"pair_c952f281e06e48cb84611f2056b8ee43","name":"username","value":"jimmydoe","description":""},{"id":"pair_e13e3a5a16ea463888c14209b95e8913","name":"password","value":"jimmy123!","description":""}]},"parameters":[],"headers":[{"name":"Content-Type","value":"application/x-www-form-urlencoded"},{"name":"User-Agent","value":"insomnia/8.6.1"}],"authentication":{},"metaSortKey":-1710341044302,"isPrivate":false,"pathParameters":[],"settingStoreCookies":true,"settingSendCookies":true,"settingDisableRenderRequestBody":false,"settingEncodeUrl":true,"settingRebuildPath":true,"settingFollowRedirects":"global","_type":"request"},{"_id":"req_689c8d75e61d4f09ab1b4f0696a0f50e","parentId":"wrk_0d1f41389b3548f29f33dd4f13aeef2c","modified":1710271867506,"created":1710271247550,"url":"http://127.0.0.1:8000/api/groups/delivery-crew/users","name":"GET delivery crews","description":"","method":"GET","body":{},"parameters":[],"headers":[{"name":"User-Agent","value":"insomnia/8.6.1"}],"authentication":{"type":"bearer","prefix":"Token","token":"e7420592d672356ec93cea75b072902ef1b172fc"},"metaSortKey":-1710271247550,"isPrivate":false,"pathParameters":[],"settingStoreCookies":true,"settingSendCookies":true,"settingDisableRenderRequestBody":false,"settingEncodeUrl":true,"settingRebuildPath":true,"settingFollowRedirects":"global","_type":"request"},{"_id":"req_87f4d08e1a43437a9d647a8293bc4a8b","parentId":"wrk_0d1f41389b3548f29f33dd4f13aeef2c","modified":1710274158770,"created":1710271925458,"url":"http://127.0.0.1:8000/api/groups/delivery-crew/users/4","name":"DELETE delivery crews","description":"","method":"DELETE","body":{},"parameters":[],"headers":[{"name":"User-Agent","value":"insomnia/8.6.1"}],"authentication":{"type":"bearer","prefix":"Token","token":"59378d65f9452409a2d048b46111fee594ce2b65"},"metaSortKey":-1710271230986.25,"isPrivate":false,"pathParameters":[],"settingStoreCookies":true,"settingSendCookies":true,"settingDisableRenderRequestBody":false,"settingEncodeUrl":true,"settingRebuildPath":true,"settingFollowRedirects":"global","_type":"request"},{"_id":"req_899661e34ecd48d99d750a8ed6e77338","parentId":"wrk_0d1f41389b3548f29f33dd4f13aeef2c","modified":1710271913488,"created":1710271884839,"url":"http://127.0.0.1:8000/api/groups/delivery-crew/users","name":"POST delivery crews","description":"","method":"POST","body":{"mimeType":"application/x-www-form-urlencoded","params":[{"id":"pair_2061e5dcfe704a4ead2ba8694584e152","name":"username","value":"lewis","description":""}]},"parameters":[],"headers":[{"name":"Content-Type","value":"application/x-www-form-urlencoded"},{"name":"User-Agent","value":"insomnia/8.6.1"}],"authentication":{"type":"bearer","prefix":"Token","token":"e7420592d672356ec93cea75b072902ef1b172fc"},"metaSortKey":-1710271214422.5,"isPrivate":false,"pathParameters":[],"settingStoreCookies":true,"settingSendCookies":true,"settingDisableRenderRequestBody":false,"settingEncodeUrl":true,"settingRebuildPath":true,"settingFollowRedirects":"global","_type":"request"},{"_id":"req_02886d9233de4071bc65ec05f73ba698","parentId":"wrk_0d1f41389b3548f29f33dd4f13aeef2c","modified":1710271511777,"created":1710271181295,"url":"http://127.0.0.1:8000/api/groups/manager/users/4","name":"DELETE managers","description":"","method":"DELETE","body":{"mimeType":"application/x-www-form-urlencoded","params":[]},"parameters":[],"headers":[{"name":"Content-Type","value":"application/x-www-form-urlencoded"},{"name":"User-Agent","value":"insomnia/8.6.1"}],"authentication":{"type":"bearer","prefix":"Token","token":"e7420592d672356ec93cea75b072902ef1b172fc"},"metaSortKey":-1710271181295,"isPrivate":false,"pathParameters":[],"settingStoreCookies":true,"settingSendCookies":true,"settingDisableRenderRequestBody":false,"settingEncodeUrl":true,"settingRebuildPath":true,"settingFollowRedirects":"global","_type":"request"},{"_id":"req_411687f5d9914c81b3d22066e65583b3","parentId":"wrk_0d1f41389b3548f29f33dd4f13aeef2c","modified":1710271326501,"created":1710271142155,"url":"http://127.0.0.1:8000/api/groups/manager/users","name":"POST managers","description":"","method":"POST","body":{"mimeType":"application/x-www-form-urlencoded","params":[{"id":"pair_0570a29bf663465182ea212afbedfae0","name":"username","value":"lewis","description":""}]},"parameters":[],"headers":[{"name":"Content-Type","value":"application/x-www-form-urlencoded"},{"name":"User-Agent","value":"insomnia/8.6.1"}],"authentication":{"type":"bearer","prefix":"Token","token":"e7420592d672356ec93cea75b072902ef1b172fc"},"metaSortKey":-1710271142155,"isPrivate":false,"pathParameters":[],"settingStoreCookies":true,"settingSendCookies":true,"settingDisableRenderRequestBody":false,"settingEncodeUrl":true,"settingRebuildPath":true,"settingFollowRedirects":"global","_type":"request"},{"_id":"req_62234194137d4d6085e3dd8c08714212","parentId":"wrk_0d1f41389b3548f29f33dd4f13aeef2c","modified":1710271242784,"created":1710271120022,"url":"http://127.0.0.1:8000/api/groups/manager/users","name":"GET managers","description":"","method":"GET","body":{},"parameters":[],"headers":[{"name":"User-Agent","value":"insomnia/8.6.1"}],"authentication":{"type":"bearer","prefix":"Token","token":"e7420592d672356ec93cea75b072902ef1b172fc"},"metaSortKey":-1710271120022,"isPrivate":false,"pathParameters":[],"settingStoreCookies":true,"settingSendCookies":true,"settingDisableRenderRequestBody":false,"settingEncodeUrl":true,"settingRebuildPath":true,"settingFollowRedirects":"global","_type":"request"},{"_id":"req_79d500db631a42f89c0cb2555ac2181a","parentId":"wrk_0d1f41389b3548f29f33dd4f13aeef2c","modified":1710270733717,"created":1710270708479,"url":"http://127.0.0.1:8000/api/menu-items/5","name":"DELETE a menu item","description":"","method":"DELETE","body":{},"parameters":[],"headers":[{"name":"User-Agent","value":"insomnia/8.6.1"}],"authentication":{"type":"bearer","prefix":"Token","token":"e7420592d672356ec93cea75b072902ef1b172fc"},"metaSortKey":-1710270708479,"isPrivate":false,"pathParameters":[],"settingStoreCookies":true,"settingSendCookies":true,"settingDisableRenderRequestBody":false,"settingEncodeUrl":true,"settingRebuildPath":true,"settingFollowRedirects":"global","_type":"request"},{"_id":"req_72ea2538594e45b887c4d031f6e31130","parentId":"wrk_0d1f41389b3548f29f33dd4f13aeef2c","modified":1710270613659,"created":1710270442583,"url":"http://127.0.0.1:8000/api/menu-items/5","name":"PATCH a menu item","description":"","method":"PATCH","body":{"mimeType":"multipart/form-data","params":[{"id":"pair_7d690228b63a481fbeb674504720137f","name":"title","value":"Beef Burger","description":""},{"id":"pair_3295c116a5504c43bf12d584431ed34e","name":"price","value":"7.00","description":""}]},"parameters":[],"headers":[{"name":"Content-Type","value":"multipart/form-data"},{"name":"User-Agent","value":"insomnia/8.6.1"}],"authentication":{"type":"bearer","prefix":"Token","token":"e7420592d672356ec93cea75b072902ef1b172fc"},"metaSortKey":-1710270442583,"isPrivate":false,"pathParameters":[],"settingStoreCookies":true,"settingSendCookies":true,"settingDisableRenderRequestBody":false,"settingEncodeUrl":true,"settingRebuildPath":true,"settingFollowRedirects":"global","_type":"request"},{"_id":"req_2a369761941a4528919584b3d66c7cbf","parentId":"wrk_0d1f41389b3548f29f33dd4f13aeef2c","modified":1710270570528,"created":1710270438723,"url":"http://127.0.0.1:8000/api/menu-items/5","name":"PUT a menu item","description":"","method":"PUT","body":{"mimeType":"application/x-www-form-urlencoded","params":[{"id":"pair_d1f34f6dca8f47278f7fdc6f14d7d35d","name":"title","value":"Chick Burger","description":""},{"id":"pair_ae647ce0cd8d4a60b15d11b78cbffe8e","name":"price","value":"5.00","description":""},{"id":"pair_bd5ad1f6dbb64b228f5dd9029f9dad38","name":"feature","value":"1","description":""},{"id":"pair_c51e75c8b6234be8a444f0d0773ed05a","name":"category","value":"1","description":""}]},"parameters":[],"headers":[{"name":"Content-Type","value":"application/x-www-form-urlencoded"},{"name":"User-Agent","value":"insomnia/8.6.1"}],"authentication":{"type":"bearer","prefix":"Token","token":"e7420592d672356ec93cea75b072902ef1b172fc"},"metaSortKey":-1710270438723,"isPrivate":false,"pathParameters":[],"settingStoreCookies":true,"settingSendCookies":true,"settingDisableRenderRequestBody":false,"settingEncodeUrl":true,"settingRebuildPath":true,"settingFollowRedirects":"global","_type":"request"},{"_id":"req_f408697702064114b5576abc72d05db4","parentId":"wrk_0d1f41389b3548f29f33dd4f13aeef2c","modified":1710270042698,"created":1710269207446,"url":"http://127.0.0.1:8000/api/menu-items","name":"Insert menu items","description":"","method":"POST","body":{"mimeType":"application/x-www-form-urlencoded","params":[{"id":"pair_fb24b2afeb5e473293af57048c76f604","name":"title","value":"Beef Burger","description":""},{"id":"pair_6187bb3ade5e43dfa5daed0c0663ec24","name":"price","value":"7.00","description":""},{"id":"pair_beccdca924e74a8785a42acd42b2ebad","name":"feature","value":"1","description":""},{"id":"pair_fe93c88b400b48c8801bd6425caf0beb","name":"category","value":"1","description":""}]},"parameters":[],"headers":[{"name":"Content-Type","value":"application/x-www-form-urlencoded"},{"name":"User-Agent","value":"insomnia/8.6.1"}],"authentication":{"type":"bearer","prefix":"Token","token":"e7420592d672356ec93cea75b072902ef1b172fc"},"metaSortKey":-1710269207446,"isPrivate":false,"pathParameters":[],"settingStoreCookies":true,"settingSendCookies":true,"settingDisableRenderRequestBody":false,"settingEncodeUrl":true,"settingRebuildPath":true,"settingFollowRedirects":"global","_type":"request"},{"_id":"req_3f24f7fa25c74707991733ebdcfaa751","parentId":"wrk_0d1f41389b3548f29f33dd4f13aeef2c","modified":1710269157254,"created":1710269102202,"url":"http://127.0.0.1:8000/api/menu-items/1","name":"Single menu item","description":"","method":"GET","body":{},"parameters":[],"headers":[{"name":"User-Agent","value":"insomnia/8.6.1"}],"authentication":{"type":"bearer","token":"db22145b66085441d3a6101320c405dedbd6631a","prefix":"Token","disabled":false},"metaSortKey":-1710269102202,"isPrivate":false,"pathParameters":[],"settingStoreCookies":true,"settingSendCookies":true,"settingDisableRenderRequestBody":false,"settingEncodeUrl":true,"settingRebuildPath":true,"settingFollowRedirects":"global","_type":"request"},{"_id":"req_000f242984c74792968256c78faf6c98","parentId":"wrk_0d1f41389b3548f29f33dd4f13aeef2c","modified":1710269129080,"created":1710269055061,"url":"http://127.0.0.1:8000/api/menu-items","name":"Menu items","description":"","method":"GET","body":{},"parameters":[],"headers":[{"name":"User-Agent","value":"insomnia/8.6.1"}],"authentication":{"type":"bearer","prefix":"Token","token":"db22145b66085441d3a6101320c405dedbd6631a"},"metaSortKey":-1710269055061,"isPrivate":false,"pathParameters":[],"settingStoreCookies":true,"settingSendCookies":true,"settingDisableRenderRequestBody":false,"settingEncodeUrl":true,"settingRebuildPath":true,"settingFollowRedirects":"global","_type":"request"},{"_id":"req_5fcd419ad84446a7a1a80a7a04185dcb","parentId":"wrk_0d1f41389b3548f29f33dd4f13aeef2c","modified":1710266380488,"created":1710266216697,"url":"http://127.0.0.1:8000/api/orders/7","name":"Delivery status updated by Crew","description":"","method":"PATCH","body":{"mimeType":"application/x-www-form-urlencoded","params":[{"id":"pair_fad85ac9a969477da3394aaf411ff163","name":"status","value":"0","description":""}]},"parameters":[],"headers":[{"name":"Content-Type","value":"application/x-www-form-urlencoded"},{"name":"User-Agent","value":"insomnia/8.6.1"}],"authentication":{"type":"bearer","prefix":"Token","token":"59378d65f9452409a2d048b46111fee594ce2b65"},"metaSortKey":-1710266216697,"isPrivate":false,"pathParameters":[],"settingStoreCookies":true,"settingSendCookies":true,"settingDisableRenderRequestBody":false,"settingEncodeUrl":true,"settingRebuildPath":true,"settingFollowRedirects":"global","_type":"request"},{"_id":"req_3db4594d06f246d19c67bed9651a0705","parentId":"wrk_0d1f41389b3548f29f33dd4f13aeef2c","modified":1710264876227,"created":1710264722220,"url":"http://127.0.0.1:8000/api/orders/7","name":"Assign delivery and update status","description":"","method":"PATCH","body":{"mimeType":"application/x-www-form-urlencoded","params":[{"id":"pair_80585e28187f4ef689b70f7ab9b6be15","name":"delivery_crew","value":"5","description":""},{"id":"pair_5a7ec7884fa14ca68a8618acadac1b1d","name":"status","value":"1","description":""}]},"parameters":[],"headers":[{"name":"Content-Type","value":"application/x-www-form-urlencoded"},{"name":"User-Agent","value":"insomnia/8.6.1"}],"authentication":{"type":"bearer","prefix":"Token","token":"e7420592d672356ec93cea75b072902ef1b172fc"},"metaSortKey":-1710264722220,"isPrivate":false,"pathParameters":[],"settingStoreCookies":true,"settingSendCookies":true,"settingDisableRenderRequestBody":false,"settingEncodeUrl":true,"settingRebuildPath":true,"settingFollowRedirects":"global","_type":"request"},{"_id":"req_8c4b2683823b4d46b7941de6adafb892","parentId":"wrk_0d1f41389b3548f29f33dd4f13aeef2c","modified":1710313146450,"created":1710263509515,"url":"http://127.0.0.1:8000/api/orders","name":"View single order","description":"","method":"GET","body":{"mimeType":"application/x-www-form-urlencoded","params":[]},"parameters":[],"headers":[{"name":"Content-Type","value":"application/x-www-form-urlencoded"},{"name":"User-Agent","value":"insomnia/8.6.1"}],"authentication":{"type":"bearer","token":"59378d65f9452409a2d048b46111fee594ce2b65","prefix":"Token"},"metaSortKey":-1710263509515,"isPrivate":false,"pathParameters":[],"settingStoreCookies":true,"settingSendCookies":true,"settingDisableRenderRequestBody":false,"settingEncodeUrl":true,"settingRebuildPath":true,"settingFollowRedirects":"global","_type":"request"},{"_id":"req_5861fd9b6adf4a7ea688bc7c831873bd","parentId":"wrk_0d1f41389b3548f29f33dd4f13aeef2c","modified":1710265560848,"created":1710263080805,"url":"http://127.0.0.1:8000/api/orders/7","name":"Assign delivery and update status","description":"","method":"PUT","body":{"mimeType":"application/x-www-form-urlencoded","params":[{"id":"pair_bd23763b545d4d1ab8962d6aeed53bfc","name":"delivery_crew","value":"3","description":""},{"id":"pair_6dda483762974498962aa2db54d00aea","name":"status","value":"1","description":""},{"id":"pair_d31979f5b7d34519a22b21ec1bff0f3a","name":"user","value":"4","description":""},{"id":"pair_8a5f58efd69f463f8a5abec28bef1db1","name":"total","value":"28.00","description":""},{"id":"pair_629b5aeb5e9141f387112a61f7c10b68","name":"date","value":"2024-03-12","description":""}]},"parameters":[],"headers":[{"name":"Content-Type","value":"application/x-www-form-urlencoded"},{"name":"User-Agent","value":"insomnia/8.6.1"}],"authentication":{"type":"bearer","prefix":"Token","token":"e7420592d672356ec93cea75b072902ef1b172fc"},"metaSortKey":-1710263080805,"isPrivate":false,"pathParameters":[],"settingStoreCookies":true,"settingSendCookies":true,"settingDisableRenderRequestBody":false,"settingEncodeUrl":true,"settingRebuildPath":true,"settingFollowRedirects":"global","_type":"request"},{"_id":"req_1fc3638e6a2842d286d6ecda50945211","parentId":"wrk_0d1f41389b3548f29f33dd4f13aeef2c","modified":1710255025263,"created":1710254918723,"url":"http://127.0.0.1:8000/api/orders","name":"Create new order items","description":"","method":"POST","body":{},"parameters":[],"headers":[{"name":"User-Agent","value":"insomnia/8.6.1"}],"authentication":{"type":"bearer","prefix":"Token","token":"db22145b66085441d3a6101320c405dedbd6631a"},"metaSortKey":-1710254918723,"isPrivate":false,"pathParameters":[],"settingStoreCookies":true,"settingSendCookies":true,"settingDisableRenderRequestBody":false,"settingEncodeUrl":true,"settingRebuildPath":true,"settingFollowRedirects":"global","_type":"request"},{"_id":"req_10e500eb6865415da861423f4b0d47f1","parentId":"wrk_0d1f41389b3548f29f33dd4f13aeef2c","modified":1710250195383,"created":1710249455235,"url":"http://127.0.0.1:8000/api/orders","name":"Order - Customer","description":"","method":"GET","body":{"mimeType":"application/x-www-form-urlencoded","params":[{"id":"pair_793d8e1006e14eb8bd377b9ead600f29","name":"user","value":"admin","description":""}]},"parameters":[],"headers":[{"name":"Content-Type","value":"application/x-www-form-urlencoded"},{"name":"User-Agent","value":"insomnia/8.6.1"}],"authentication":{"type":"bearer","token":"3561cde9ca257d2622efceaeb6c9e9062d88ab15","prefix":"Token"},"metaSortKey":-1710249455235,"isPrivate":false,"pathParameters":[],"settingStoreCookies":true,"settingSendCookies":true,"settingDisableRenderRequestBody":false,"settingEncodeUrl":true,"settingRebuildPath":true,"settingFollowRedirects":"global","_type":"request"},{"_id":"req_6ad75033681c42cd8edf07305a33b1bb","parentId":"wrk_0d1f41389b3548f29f33dd4f13aeef2c","modified":1710239168634,"created":1710236585455,"url":"http://127.0.0.1:8000/api/groups/delivery-crew/users","name":"User group - Manager","description":"","method":"GET","body":{"mimeType":"application/x-www-form-urlencoded","params":[{"id":"pair_2410feb3a8e144d08ad4c6a4afec4f94","name":"username","value":"manager","description":""}]},"parameters":[],"headers":[{"name":"Content-Type","value":"application/x-www-form-urlencoded"},{"name":"User-Agent","value":"insomnia/8.6.1"}],"authentication":{"type":"bearer","token":"72f66d30039453a1899fb95bb21a9ef13e971832","prefix":"Token"},"metaSortKey":-1710236585455,"isPrivate":false,"pathParameters":[],"settingStoreCookies":true,"settingSendCookies":true,"settingDisableRenderRequestBody":false,"settingEncodeUrl":true,"settingRebuildPath":true,"settingFollowRedirects":"global","_type":"request"},{"_id":"req_bd7905361fcb4bd9bf56b630654f2d74","parentId":"wrk_0d1f41389b3548f29f33dd4f13aeef2c","modified":1710239172509,"created":1710236665405,"url":"http://127.0.0.1:8000/api/groups/manager/users","name":"User group - Deliver Crew","description":"","method":"GET","body":{"mimeType":"application/x-www-form-urlencoded","params":[{"id":"pair_2410feb3a8e144d08ad4c6a4afec4f94","name":"username","value":"manager","description":""}]},"parameters":[],"headers":[{"name":"Content-Type","value":"application/x-www-form-urlencoded"},{"name":"User-Agent","value":"insomnia/8.6.1"}],"authentication":{"type":"bearer","token":"e7420592d672356ec93cea75b072902ef1b172fc","prefix":"Token"},"metaSortKey":-1710208826121.5,"isPrivate":false,"pathParameters":[],"settingStoreCookies":true,"settingSendCookies":true,"settingDisableRenderRequestBody":false,"settingEncodeUrl":true,"settingRebuildPath":true,"settingFollowRedirects":"global","_type":"request"},{"_id":"req_0e59ec89278741a5aad83f13458d3efc","parentId":"wrk_0d1f41389b3548f29f33dd4f13aeef2c","modified":1710181107490,"created":1710181066788,"url":"http://127.0.0.1:8000/api/cart/menu-items","name":"Cart - Delete","description":"","method":"DELETE","body":{},"parameters":[],"headers":[{"name":"User-Agent","value":"insomnia/8.6.1"}],"authentication":{"type":"bearer","prefix":"Token","token":"db22145b66085441d3a6101320c405dedbd6631a"},"metaSortKey":-1710181066788,"isPrivate":false,"pathParameters":[],"settingStoreCookies":true,"settingSendCookies":true,"settingDisableRenderRequestBody":false,"settingEncodeUrl":true,"settingRebuildPath":true,"settingFollowRedirects":"global","_type":"request"},{"_id":"req_adc1677f82494a89b0bd8fa285fbd20b","parentId":"wrk_0d1f41389b3548f29f33dd4f13aeef2c","modified":1710314795897,"created":1710180643668,"url":"http://127.0.0.1:8000/api/cart/menu-items","name":"Cart - Post","description":"","method":"POST","body":{"mimeType":"application/x-www-form-urlencoded","params":[{"id":"pair_2e2a1555d7b149bbb36a3c8cc5e453c4","name":"user","value":"4","description":""},{"id":"pair_9e534204e8fb461d9d45acb1231c71e7","name":"menuitem","value":"4","description":""},{"id":"pair_2268b9961b0a4f52bfc67f6ccf1fdd1c","name":"quantity","value":"2","description":""},{"id":"pair_eed5f4bcf7334c539ea862e5d4fa7395","name":"unit_price","value":"5.5","description":""}]},"parameters":[],"headers":[{"name":"Content-Type","value":"application/x-www-form-urlencoded"},{"name":"User-Agent","value":"insomnia/8.6.1"}],"authentication":{"type":"bearer","token":"db22145b66085441d3a6101320c405dedbd6631a","prefix":"Token"},"metaSortKey":-1710180643668,"isPrivate":false,"pathParameters":[],"settingStoreCookies":true,"settingSendCookies":true,"settingDisableRenderRequestBody":false,"settingEncodeUrl":true,"settingRebuildPath":true,"settingFollowRedirects":"global","_type":"request"},{"_id":"req_6fabc81c1eb447b78f90a4332becdeba","parentId":"wrk_0d1f41389b3548f29f33dd4f13aeef2c","modified":1710178722711,"created":1710178656806,"url":"http://127.0.0.1:8000/api/api-token-auth","name":"Customer Token","description":"","method":"POST","body":{"mimeType":"application/x-www-form-urlencoded","params":[{"id":"pair_e4fe0d1a128242018eb77bc5ae8ad103","name":"username","value":"lewis","description":""},{"id":"pair_4c0b6d280de74a10b1cbf5f1aa3751a7","name":"password","value":"lemon666happy","description":""}]},"parameters":[],"headers":[{"name":"Content-Type","value":"application/x-www-form-urlencoded"},{"name":"User-Agent","value":"insomnia/8.6.1"}],"authentication":{},"metaSortKey":-1710178656806,"isPrivate":false,"pathParameters":[],"settingStoreCookies":true,"settingSendCookies":true,"settingDisableRenderRequestBody":false,"settingEncodeUrl":true,"settingRebuildPath":true,"settingFollowRedirects":"global","_type":"request"},{"_id":"req_3b10d72c5ea44f57ae0d1f12d66a4b43","parentId":"wrk_0d1f41389b3548f29f33dd4f13aeef2c","modified":1710314820451,"created":1710178529209,"url":"http://127.0.0.1:8000/api/cart/menu-items","name":"Cart - Get","description":"","method":"GET","body":{},"parameters":[],"headers":[{"name":"User-Agent","value":"insomnia/8.6.1"}],"authentication":{"type":"bearer","prefix":"Token","token":"db22145b66085441d3a6101320c405dedbd6631a"},"metaSortKey":-1710178529209,"isPrivate":false,"pathParameters":[],"settingStoreCookies":true,"settingSendCookies":true,"settingDisableRenderRequestBody":false,"settingEncodeUrl":true,"settingRebuildPath":true,"settingFollowRedirects":"global","_type":"request"},{"_id":"req_e4b736731cfa49abb8e68fec01c55c85","parentId":"wrk_0d1f41389b3548f29f33dd4f13aeef2c","modified":1709283363468,"created":1709283317075,"url":"http://127.0.0.1:8000/api/api-token-auth","name":"Admin Token","description":"","method":"POST","body":{"mimeType":"application/x-www-form-urlencoded","params":[{"id":"pair_b4675f3c70e442549d94ccfbc1f4adcd","name":"username","value":"admin","description":""},{"id":"pair_3c9993538f8b406f89cc3b303b654757","name":"password","value":"lemon666happy","description":""}]},"parameters":[],"headers":[{"name":"Content-Type","value":"application/x-www-form-urlencoded"},{"name":"User-Agent","value":"insomnia/8.6.1"}],"authentication":{},"metaSortKey":-1709283317075,"isPrivate":false,"pathParameters":[],"settingStoreCookies":true,"settingSendCookies":true,"settingDisableRenderRequestBody":false,"settingEncodeUrl":true,"settingRebuildPath":true,"settingFollowRedirects":"global","_type":"request"},{"_id":"req_c6e0fd7cbed54d8a8827cfd98a44c191","parentId":"wrk_0d1f41389b3548f29f33dd4f13aeef2c","modified":1709283176554,"created":1709281759702,"url":"http://127.0.0.1:8000/auth/users","name":"User registration and token generation endpoints","description":"","method":"GET","body":{},"parameters":[],"headers":[{"name":"User-Agent","value":"insomnia/8.6.1"}],"authentication":{"type":"bearer","token":"72f66d30039453a1899fb95bb21a9ef13e971832","prefix":"token","disabled":true},"metaSortKey":-1709281759703,"isPrivate":false,"pathParameters":[],"settingStoreCookies":true,"settingSendCookies":true,"settingDisableRenderRequestBody":false,"settingEncodeUrl":true,"settingRebuildPath":true,"settingFollowRedirects":"global","_type":"request"},{"_id":"req_3b41407bcc1a4ba1b3b50861f2ed3156","parentId":"wrk_0d1f41389b3548f29f33dd4f13aeef2c","modified":1709295193447,"created":1706634980155,"url":"http://127.0.0.1:8000/api/groups/delivery-crew/users/4","name":"User group management","description":"","method":"DELETE","body":{"mimeType":"application/x-www-form-urlencoded","params":[{"id":"pair_a3475ebf30c44e678ba6948fbd2cecbe","name":"username","value":"lewis","description":""}]},"parameters":[],"headers":[{"name":"Content-Type","value":"application/x-www-form-urlencoded"},{"name":"User-Agent","value":"insomnia/8.6.0"}],"authentication":{"type":"bearer","token":"3561cde9ca257d2622efceaeb6c9e9062d88ab15","prefix":"Token"},"metaSortKey":-1706634980155,"isPrivate":false,"pathParameters":[],"settingStoreCookies":true,"settingSendCookies":true,"settingDisableRenderRequestBody":false,"settingEncodeUrl":true,"settingRebuildPath":true,"settingFollowRedirects":"global","_type":"request"},{"_id":"req_7d400eb19e274f1e8a385605d19d9c64","parentId":"wrk_0d1f41389b3548f29f33dd4f13aeef2c","modified":1710271508034,"created":1705944983104,"url":"http://127.0.0.1:8000/api/api-token-auth","name":"Manager Token","description":"","method":"POST","body":{"mimeType":"application/x-www-form-urlencoded","params":[{"id":"pair_7c29fdcc2e2549d9b5a14c8c742d769f","name":"username","value":"manager","description":""},{"id":"pair_88f2b7d285d844b7b96b84327385b101","name":"password","value":"lemon666happy","description":""}]},"parameters":[],"headers":[{"name":"Content-Type","value":"application/x-www-form-urlencoded"},{"name":"User-Agent","value":"insomnia/8.6.0"}],"authentication":{},"metaSortKey":-1705944983104,"isPrivate":false,"pathParameters":[],"settingStoreCookies":true,"settingSendCookies":true,"settingDisableRenderRequestBody":false,"settingEncodeUrl":true,"settingRebuildPath":true,"settingFollowRedirects":"global","_type":"request"},{"_id":"req_a633fb81b6d3412bba2d67a899a5e1d4","parentId":"wrk_0d1f41389b3548f29f33dd4f13aeef2c","modified":1706634619199,"created":1705944544314,"url":"http://127.0.0.1:8000/api/menu-items/1","name":"Test user authorization","description":"","method":"POST","body":{"mimeType":"application/x-www-form-urlencoded","params":[{"id":"pair_d255ddee45824781927c9b77d9ad078d","name":"","value":"","description":""}]},"parameters":[],"headers":[{"name":"Content-Type","value":"application/x-www-form-urlencoded"},{"name":"User-Agent","value":"insomnia/8.6.0"}],"authentication":{"type":"bearer","token":"72f66d30039453a1899fb95bb21a9ef13e971832","prefix":"Token"},"metaSortKey":-1705944544314,"isPrivate":false,"pathParameters":[],"settingStoreCookies":true,"settingSendCookies":true,"settingDisableRenderRequestBody":false,"settingEncodeUrl":true,"settingRebuildPath":true,"settingFollowRedirects":"global","_type":"request"},{"_id":"req_350364cb2d584912a1fb28a4fae77187","parentId":"wrk_0d1f41389b3548f29f33dd4f13aeef2c","modified":1710266335756,"created":1705943928760,"url":"http://127.0.0.1:8000/api/api-token-auth","name":"Rider Token","description":"","method":"POST","body":{"mimeType":"application/x-www-form-urlencoded","params":[{"id":"pair_70f675ab9cc5436fb613664d234495c1","name":"username","value":"delivery_crew_2","description":""},{"id":"pair_3662f99d1cea41b0962f651031b4a561","name":"password","value":"lemon666happy","description":""}]},"parameters":[],"headers":[{"name":"Content-Type","value":"application/x-www-form-urlencoded"},{"name":"User-Agent","value":"insomnia/8.6.0"}],"authentication":{},"metaSortKey":-1705943928760,"isPrivate":false,"pathParameters":[],"settingStoreCookies":true,"settingSendCookies":true,"settingDisableRenderRequestBody":false,"settingEncodeUrl":true,"settingRebuildPath":true,"settingFollowRedirects":"global","_type":"request"},{"_id":"req_e4ea45b1217245cab77959c80840549a","parentId":"wrk_0d1f41389b3548f29f33dd4f13aeef2c","modified":1710330993917,"created":1704466494176,"url":"http://127.0.0.1:8000/api/menu-items","name":"Search menu items","description":"","method":"GET","body":{},"parameters":[],"headers":[{"name":"User-Agent","value":"insomnia/8.5.1"}],"authentication":{"type":"bearer","token":"3561cde9ca257d2622efceaeb6c9e9062d88ab15","prefix":"Token"},"metaSortKey":-1704466494176,"isPrivate":false,"pathParameters":[],"settingStoreCookies":true,"settingSendCookies":true,"settingDisableRenderRequestBody":false,"settingEncodeUrl":true,"settingRebuildPath":true,"settingFollowRedirects":"global","_type":"request"},{"_id":"req_b110bad0fd2841bf927e818f5aef21c2","parentId":"wrk_0d1f41389b3548f29f33dd4f13aeef2c","modified":1710331401193,"created":1704465470380,"url":"http://127.0.0.1:8000/api/menu-items?search=Main","name":"Search single items","description":"","method":"GET","body":{"mimeType":"application/x-www-form-urlencoded","params":[{"id":"pair_d9c94a3552af4ce58f86cebe956e0b12","name":"menuitem_id","value":"2","description":""},{"id":"pair_93998619621f44fa8ae079194305a8ba","name":"rating","value":"","description":""}]},"parameters":[],"headers":[{"name":"Content-Type","value":"application/x-www-form-urlencoded"},{"name":"User-Agent","value":"insomnia/8.5.1"}],"authentication":{"type":"bearer","token":"3561cde9ca257d2622efceaeb6c9e9062d88ab15","prefix":"Token","disabled":false},"metaSortKey":-1704465470380,"isPrivate":false,"pathParameters":[],"settingStoreCookies":true,"settingSendCookies":true,"settingDisableRenderRequestBody":false,"settingEncodeUrl":true,"settingRebuildPath":true,"settingFollowRedirects":"global","_type":"request"},{"_id":"req_14382021d2744bb1826ca6e1d666291a","parentId":"wrk_0d1f41389b3548f29f33dd4f13aeef2c","modified":1701709818129,"created":1701709329333,"url":"https://httpbin.org/post","name":"Post request - JSON","description":"","method":"POST","body":{"mimeType":"application/json","text":"{\n\t\"title\": \"Lord of the Rings\",\n\t\"author\": \"JRR Tolkien\",\n\t\"published\" : {\n\t\t\"year\": 1954,\n\t\t\"month\": \"july\",\n\t\t\"day\" : 29\n\t}\n}"},"parameters":[],"headers":[{"name":"Content-Type","value":"application/json"},{"name":"User-Agent","value":"insomnia/8.4.5"}],"authentication":{},"metaSortKey":-1701709329333,"isPrivate":false,"pathParameters":[],"settingStoreCookies":true,"settingSendCookies":true,"settingDisableRenderRequestBody":false,"settingEncodeUrl":true,"settingRebuildPath":true,"settingFollowRedirects":"global","_type":"request"},{"_id":"req_f15725bc4863485d88d9024726a6a410","parentId":"wrk_0d1f41389b3548f29f33dd4f13aeef2c","modified":1701709324749,"created":1701709105747,"url":"https://httpbin.org/post","name":"Post request - Multipart Form","description":"","method":"POST","body":{"mimeType":"multipart/form-data","params":[{"id":"pair_480ef5222a9f46fa9fd29aca10efc670","name":"title","value":"Lord of the Rings","description":""},{"id":"pair_4f08eb97aa404c38a6f7597676f50081","name":"author","value":"JRR Tolkien","description":""}]},"parameters":[],"headers":[{"name":"Content-Type","value":"multipart/form-data"},{"name":"User-Agent","value":"insomnia/8.4.5"}],"authentication":{},"metaSortKey":-1701709105747,"isPrivate":false,"pathParameters":[],"settingStoreCookies":true,"settingSendCookies":true,"settingDisableRenderRequestBody":false,"settingEncodeUrl":true,"settingRebuildPath":true,"settingFollowRedirects":"global","_type":"request"},{"_id":"req_23295fe7d9414fa7990527549d83f6ed","parentId":"wrk_0d1f41389b3548f29f33dd4f13aeef2c","modified":1701709248940,"created":1701708767221,"url":"https://httpbin.org/get","name":"GET request using Insomnia","description":"","method":"GET","body":{"mimeType":"multipart/form-data","params":[{"id":"pair_8d23f8dd62844fa98fb65e142547e031","name":"title","value":"Lord of the Rings","description":"","disabled":true},{"id":"pair_642cc9a8cf544d11a8333dc0a334b04e","name":"author","value":"JRR Tolkien","description":""}]},"parameters":[],"headers":[{"name":"Content-Type","value":"multipart/form-data"},{"name":"User-Agent","value":"insomnia/8.4.5"}],"authentication":{},"metaSortKey":-1701708767221,"isPrivate":false,"pathParameters":[],"settingStoreCookies":true,"settingSendCookies":true,"settingDisableRenderRequestBody":false,"settingEncodeUrl":true,"settingRebuildPath":true,"settingFollowRedirects":"global","_type":"request"},{"_id":"env_25326f6d71f4c6972bc1374d7c047063601785e6","parentId":"wrk_0d1f41389b3548f29f33dd4f13aeef2c","modified":1701708761233,"created":1701708761233,"name":"Base Environment","data":{},"dataPropertyOrder":null,"color":null,"isPrivate":false,"metaSortKey":1701708761233,"_type":"environment"},{"_id":"jar_25326f6d71f4c6972bc1374d7c047063601785e6","parentId":"wrk_0d1f41389b3548f29f33dd4f13aeef2c","modified":1701708761234,"created":1701708761234,"name":"Default Jar","cookies":[],"_type":"cookie_jar"}]}